Date,Occupation,Ethnicity,Numerator,Denominator,Percentage
Apr 2015-Mar 2016,"Managers, directors & seniors",Black,!,26700,#VALUE!
Apr 2015-Mar 2016,Prof. occups.,Black,7200,26700,26.96629213
Apr 2015-Mar 2016,Associate prof. & tech. occups.,Black,2600,26700,9.737827715
Apr 2015-Mar 2016,Admin. & secretarial occups.,Black,!,26700,#VALUE!
Apr 2015-Mar 2016,Skilled trades occups.,Black,!,26700,#VALUE!
Apr 2015-Mar 2016,"Caring, leisure and other occs.",Black,7000,26700,26.21722846
Apr 2015-Mar 2016,Sales & consumer service occs.,Black,2200,26700,8.239700375
Apr 2015-Mar 2016,"Process, plant & mach. Opers",Black,2000,26700,7.490636704
Apr 2015-Mar 2016,Elementary occups.,Black,4100,26700,15.35580524
Jul 2015-Jun 2016,"Managers, directors & seniors",Black,!,25400,#VALUE!
Jul 2015-Jun 2016,Prof. occups.,Black,7100,25400,27.95275591
Jul 2015-Jun 2016,Associate prof. & tech. occups.,Black,1500,25400,5.905511811
Jul 2015-Jun 2016,Admin. & secretarial occups.,Black,1800,25400,7.086614173
Jul 2015-Jun 2016,Skilled trades occups.,Black,!,25400,#VALUE!
Jul 2015-Jun 2016,"Caring, leisure and other occs.",Black,5100,25400,20.07874016
Jul 2015-Jun 2016,Sales & consumer service occs.,Black,3100,25400,12.20472441
Jul 2015-Jun 2016,"Process, plant & mach. Opers",Black,1800,25400,7.086614173
Jul 2015-Jun 2016,Elementary occups.,Black,3700,25400,14.56692913
Oct 2015-Sep 2016,"Managers, directors & seniors",Black,!,20500,#VALUE!
Oct 2015-Sep 2016,Prof. occups.,Black,4000,20500,19.51219512
Oct 2015-Sep 2016,Associate prof. & tech. occups.,Black,!,20500,#VALUE!
Oct 2015-Sep 2016,Admin. & secretarial occups.,Black,1600,20500,7.804878049
Oct 2015-Sep 2016,Skilled trades occups.,Black,!,20500,#VALUE!
Oct 2015-Sep 2016,"Caring, leisure and other occs.",Black,3700,20500,18.04878049
Oct 2015-Sep 2016,Sales & consumer service occs.,Black,2900,20500,14.14634146
Oct 2015-Sep 2016,"Process, plant & mach. Opers",Black,!,20500,#VALUE!
Oct 2015-Sep 2016,Elementary occups.,Black,3600,20500,17.56097561
Jan 2016-Dec 2016,"Managers, directors & seniors",Black,!,34200,#VALUE!
Jan 2016-Dec 2016,Prof. occups.,Black,2200,34200,6.432748538
Jan 2016-Dec 2016,Associate prof. & tech. occups.,Black,!,34200,#VALUE!
Jan 2016-Dec 2016,Admin. & secretarial occups.,Black,3800,34200,11.11111111
Jan 2016-Dec 2016,Skilled trades occups.,Black,2100,34200,6.140350877
Jan 2016-Dec 2016,"Caring, leisure and other occs.",Black,9100,34200,26.60818713
Jan 2016-Dec 2016,Sales & consumer service occs.,Black,5900,34200,17.25146199
Jan 2016-Dec 2016,"Process, plant & mach. Opers",Black,1800,34200,5.263157895
Jan 2016-Dec 2016,Elementary occups.,Black,4800,34200,14.03508772
Apr 2016-Mar 2017,"Managers, directors & seniors",Black,!,35000,#VALUE!
Apr 2016-Mar 2017,Prof. occups.,Black,1700,35000,4.857142857
Apr 2016-Mar 2017,Associate prof. & tech. occups.,Black,4600,35000,13.14285714
Apr 2016-Mar 2017,Admin. & secretarial occups.,Black,3800,35000,10.85714286
Apr 2016-Mar 2017,Skilled trades occups.,Black,3000,35000,8.571428571
Apr 2016-Mar 2017,"Caring, leisure and other occs.",Black,7800,35000,22.28571429
Apr 2016-Mar 2017,Sales & consumer service occs.,Black,6000,35000,17.14285714
Apr 2016-Mar 2017,"Process, plant & mach. Opers",Black,1600,35000,4.571428571
Apr 2016-Mar 2017,Elementary occups.,Black,5600,35000,16
Jul 2016-Jun 2017,"Managers, directors & seniors",Black,!,37300,#VALUE!
Jul 2016-Jun 2017,Prof. occups.,Black,1900,37300,5.09383378
Jul 2016-Jun 2017,Associate prof. & tech. occups.,Black,6100,37300,16.3538874
Jul 2016-Jun 2017,Admin. & secretarial occups.,Black,4500,37300,12.06434316
Jul 2016-Jun 2017,Skilled trades occups.,Black,2400,37300,6.434316354
Jul 2016-Jun 2017,"Caring, leisure and other occs.",Black,7300,37300,19.57104558
Jul 2016-Jun 2017,Sales & consumer service occs.,Black,5700,37300,15.28150134
Jul 2016-Jun 2017,"Process, plant & mach. Opers",Black,!,37300,#VALUE!
Jul 2016-Jun 2017,Elementary occups.,Black,7300,37300,19.57104558
Oct 2016-Sep 2017,"Managers, directors & seniors",Black,1500,37800,3.968253968
Oct 2016-Sep 2017,Prof. occups.,Black,2600,37800,6.878306878
Oct 2016-Sep 2017,Associate prof. & tech. occups.,Black,5200,37800,13.75661376
Oct 2016-Sep 2017,Admin. & secretarial occups.,Black,3900,37800,10.31746032
Oct 2016-Sep 2017,Skilled trades occups.,Black,2200,37800,5.82010582
Oct 2016-Sep 2017,"Caring, leisure and other occs.",Black,8600,37800,22.75132275
Oct 2016-Sep 2017,Sales & consumer service occs.,Black,6700,37800,17.72486772
Oct 2016-Sep 2017,"Process, plant & mach. Opers",Black,1500,37800,3.968253968
Oct 2016-Sep 2017,Elementary occups.,Black,5700,37800,15.07936508
Jan 2017-Dec 2017,"Managers, directors & seniors",Black,2100,32400,6.481481481
Jan 2017-Dec 2017,Prof. occups.,Black,4300,32400,13.27160494
Jan 2017-Dec 2017,Associate prof. & tech. occups.,Black,4100,32400,12.65432099
Jan 2017-Dec 2017,Admin. & secretarial occups.,Black,1800,32400,5.555555556
Jan 2017-Dec 2017,Skilled trades occups.,Black,1900,32400,5.864197531
Jan 2017-Dec 2017,"Caring, leisure and other occs.",Black,6400,32400,19.75308642
Jan 2017-Dec 2017,Sales & consumer service occs.,Black,5000,32400,15.43209877
Jan 2017-Dec 2017,"Process, plant & mach. Opers",Black,!,32400,#VALUE!
Jan 2017-Dec 2017,Elementary occups.,Black,6000,32400,18.51851852
Apr 2017-Mar 2018,"Managers, directors & seniors",Black,2000,40100,4.987531172
Apr 2017-Mar 2018,Prof. occups.,Black,4700,40100,11.72069825
Apr 2017-Mar 2018,Associate prof. & tech. occups.,Black,4600,40100,11.4713217
Apr 2017-Mar 2018,Admin. & secretarial occups.,Black,2400,40100,5.985037406
Apr 2017-Mar 2018,Skilled trades occups.,Black,2400,40100,5.985037406
Apr 2017-Mar 2018,"Caring, leisure and other occs.",Black,6200,40100,15.46134663
Apr 2017-Mar 2018,Sales & consumer service occs.,Black,5800,40100,14.4638404
Apr 2017-Mar 2018,"Process, plant & mach. Opers",Black,!,40100,#VALUE!
Apr 2017-Mar 2018,Elementary occups.,Black,11000,40100,27.43142145
Jul 2017-Jun 2018,"Managers, directors & seniors",Black,1700,37200,4.569892473
Jul 2017-Jun 2018,Prof. occups.,Black,4200,37200,11.29032258
Jul 2017-Jun 2018,Associate prof. & tech. occups.,Black,3800,37200,10.21505376
Jul 2017-Jun 2018,Admin. & secretarial occups.,Black,1400,37200,3.76344086
Jul 2017-Jun 2018,Skilled trades occups.,Black,2000,37200,5.376344086
Jul 2017-Jun 2018,"Caring, leisure and other occs.",Black,5900,37200,15.86021505
Jul 2017-Jun 2018,Sales & consumer service occs.,Black,6100,37200,16.39784946
Jul 2017-Jun 2018,"Process, plant & mach. Opers",Black,2000,37200,5.376344086
Jul 2017-Jun 2018,Elementary occups.,Black,10100,37200,27.15053763
Oct 2017-Sep 2018,"Managers, directors & seniors",Black,!,36300,#VALUE!
Oct 2017-Sep 2018,Prof. occups.,Black,3900,36300,10.74380165
Oct 2017-Sep 2018,Associate prof. & tech. occups.,Black,3500,36300,9.641873278
Oct 2017-Sep 2018,Admin. & secretarial occups.,Black,3000,36300,8.26446281
Oct 2017-Sep 2018,Skilled trades occups.,Black,2500,36300,6.887052342
Oct 2017-Sep 2018,"Caring, leisure and other occs.",Black,5100,36300,14.04958678
Oct 2017-Sep 2018,Sales & consumer service occs.,Black,4700,36300,12.9476584
Oct 2017-Sep 2018,"Process, plant & mach. Opers",Black,2200,36300,6.060606061
Oct 2017-Sep 2018,Elementary occups.,Black,10600,36300,29.20110193
Jan 2018-Dec 2018,"Managers, directors & seniors",Black,!,30500,#VALUE!
Jan 2018-Dec 2018,Prof. occups.,Black,2600,30500,8.524590164
Jan 2018-Dec 2018,Associate prof. & tech. occups.,Black,3000,30500,9.836065574
Jan 2018-Dec 2018,Admin. & secretarial occups.,Black,3500,30500,11.47540984
Jan 2018-Dec 2018,Skilled trades occups.,Black,2200,30500,7.213114754
Jan 2018-Dec 2018,"Caring, leisure and other occs.",Black,3400,30500,11.14754098
Jan 2018-Dec 2018,Sales & consumer service occs.,Black,2900,30500,9.508196721
Jan 2018-Dec 2018,"Process, plant & mach. Opers",Black,2300,30500,7.540983607
Jan 2018-Dec 2018,Elementary occups.,Black,10000,30500,32.78688525
Apr 2018-Mar 2019,"Managers, directors & seniors",Black,1600,28300,5.653710247
Apr 2018-Mar 2019,Prof. occups.,Black,2700,28300,9.540636042
Apr 2018-Mar 2019,Associate prof. & tech. occups.,Black,4200,28300,14.8409894
Apr 2018-Mar 2019,Admin. & secretarial occups.,Black,2700,28300,9.540636042
Apr 2018-Mar 2019,Skilled trades occups.,Black,!,28300,#VALUE!
Apr 2018-Mar 2019,"Caring, leisure and other occs.",Black,3100,28300,10.9540636
Apr 2018-Mar 2019,Sales & consumer service occs.,Black,3400,28300,12.01413428
Apr 2018-Mar 2019,"Process, plant & mach. Opers",Black,2400,28300,8.480565371
Apr 2018-Mar 2019,Elementary occups.,Black,7200,28300,25.44169611
Jul 2018-Jun 2019,"Managers, directors & seniors",Black,1600,31200,5.128205128
Jul 2018-Jun 2019,Prof. occups.,Black,#,31200,#VALUE!
Jul 2018-Jun 2019,Associate prof. & tech. occups.,Black,6200,31200,19.87179487
Jul 2018-Jun 2019,Admin. & secretarial occups.,Black,2700,31200,8.653846154
Jul 2018-Jun 2019,Skilled trades occups.,Black,1800,31200,5.769230769
Jul 2018-Jun 2019,"Caring, leisure and other occs.",Black,2700,31200,8.653846154
Jul 2018-Jun 2019,Sales & consumer service occs.,Black,3600,31200,11.53846154
Jul 2018-Jun 2019,"Process, plant & mach. Opers",Black,1700,31200,5.448717949
Jul 2018-Jun 2019,Elementary occups.,Black,9700,31200,31.08974359
Oct 2018-Sep 2019,"Managers, directors & seniors",Black,1500,32400,4.62962963
Oct 2018-Sep 2019,Prof. occups.,Black,1800,32400,5.555555556
Oct 2018-Sep 2019,Associate prof. & tech. occups.,Black,7400,32400,22.83950617
Oct 2018-Sep 2019,Admin. & secretarial occups.,Black,!,32400,#VALUE!
Oct 2018-Sep 2019,Skilled trades occups.,Black,1700,32400,5.24691358
Oct 2018-Sep 2019,"Caring, leisure and other occs.",Black,1800,32400,5.555555556
Oct 2018-Sep 2019,Sales & consumer service occs.,Black,4200,32400,12.96296296
Oct 2018-Sep 2019,"Process, plant & mach. Opers",Black,2700,32400,8.333333333
Oct 2018-Sep 2019,Elementary occups.,Black,10300,32400,31.79012346
Jan 2019-Dec 2019,"Managers, directors & seniors",Black,1400,34400,4.069767442
Jan 2019-Dec 2019,Prof. occups.,Black,2000,34400,5.813953488
Jan 2019-Dec 2019,Associate prof. & tech. occups.,Black,8000,34400,23.25581395
Jan 2019-Dec 2019,Admin. & secretarial occups.,Black,!,34400,#VALUE!
Jan 2019-Dec 2019,Skilled trades occups.,Black,2300,34400,6.686046512
Jan 2019-Dec 2019,"Caring, leisure and other occs.",Black,1700,34400,4.941860465
Jan 2019-Dec 2019,Sales & consumer service occs.,Black,5500,34400,15.98837209
Jan 2019-Dec 2019,"Process, plant & mach. Opers",Black,2600,34400,7.558139535
Jan 2019-Dec 2019,Elementary occups.,Black,9800,34400,28.48837209
Apr 2019-Mar 2020,"Managers, directors & seniors",Black,1400,35300,3.966005666
Apr 2019-Mar 2020,Prof. occups.,Black,2100,35300,5.949008499
Apr 2019-Mar 2020,Associate prof. & tech. occups.,Black,7700,35300,21.81303116
Apr 2019-Mar 2020,Admin. & secretarial occups.,Black,2900,35300,8.21529745
Apr 2019-Mar 2020,Skilled trades occups.,Black,2400,35300,6.798866856
Apr 2019-Mar 2020,"Caring, leisure and other occs.",Black,2500,35300,7.082152975
Apr 2019-Mar 2020,Sales & consumer service occs.,Black,5700,35300,16.14730878
Apr 2019-Mar 2020,"Process, plant & mach. Opers",Black,2700,35300,7.648725212
Apr 2019-Mar 2020,Elementary occups.,Black,7800,35300,22.09631728
Jul 2019-Jun 2020,"Managers, directors & seniors",Black,!,26800,#VALUE!
Jul 2019-Jun 2020,Prof. occups.,Black,2100,26800,7.835820896
Jul 2019-Jun 2020,Associate prof. & tech. occups.,Black,5200,26800,19.40298507
Jul 2019-Jun 2020,Admin. & secretarial occups.,Black,3400,26800,12.68656716
Jul 2019-Jun 2020,Skilled trades occups.,Black,1600,26800,5.970149254
Jul 2019-Jun 2020,"Caring, leisure and other occs.",Black,1900,26800,7.089552239
Jul 2019-Jun 2020,Sales & consumer service occs.,Black,5200,26800,19.40298507
Jul 2019-Jun 2020,"Process, plant & mach. Opers",Black,2200,26800,8.208955224
Jul 2019-Jun 2020,Elementary occups.,Black,4200,26800,15.67164179
Oct 2019-Sep 2020,"Managers, directors & seniors",Black,!,23700,#VALUE!
Oct 2019-Sep 2020,Prof. occups.,Black,2000,23700,8.438818565
Oct 2019-Sep 2020,Associate prof. & tech. occups.,Black,2400,23700,10.12658228
Oct 2019-Sep 2020,Admin. & secretarial occups.,Black,2600,23700,10.97046414
Oct 2019-Sep 2020,Skilled trades occups.,Black,!,23700,#VALUE!
Oct 2019-Sep 2020,"Caring, leisure and other occs.",Black,4800,23700,20.25316456
Oct 2019-Sep 2020,Sales & consumer service occs.,Black,4600,23700,19.4092827
Oct 2019-Sep 2020,"Process, plant & mach. Opers",Black,!,23700,#VALUE!
Oct 2019-Sep 2020,Elementary occups.,Black,4000,23700,16.87763713
Jan 2020-Dec 2020,"Managers, directors & seniors",Black,2100,23800,8.823529412
Jan 2020-Dec 2020,Prof. occups.,Black,1700,23800,7.142857143
Jan 2020-Dec 2020,Associate prof. & tech. occups.,Black,2600,23800,10.92436975
Jan 2020-Dec 2020,Admin. & secretarial occups.,Black,3100,23800,13.02521008
Jan 2020-Dec 2020,Skilled trades occups.,Black,!,23800,#VALUE!
Jan 2020-Dec 2020,"Caring, leisure and other occs.",Black,5500,23800,23.1092437
Jan 2020-Dec 2020,Sales & consumer service occs.,Black,3400,23800,14.28571429
Jan 2020-Dec 2020,"Process, plant & mach. Opers",Black,!,23800,#VALUE!
Jan 2020-Dec 2020,Elementary occups.,Black,4600,23800,19.32773109
Apr 2020-Mar 2021,"Managers, directors & seniors",Black,4100,24300,16.87242798
Apr 2020-Mar 2021,Prof. occups.,Black,1400,24300,5.761316872
Apr 2020-Mar 2021,Associate prof. & tech. occups.,Black,3000,24300,12.34567901
Apr 2020-Mar 2021,Admin. & secretarial occups.,Black,!,24300,#VALUE!
Apr 2020-Mar 2021,Skilled trades occups.,Black,!,24300,#VALUE!
Apr 2020-Mar 2021,"Caring, leisure and other occs.",Black,6200,24300,25.51440329
Apr 2020-Mar 2021,Sales & consumer service occs.,Black,!,24300,#VALUE!
Apr 2020-Mar 2021,"Process, plant & mach. Opers",Black,!,24300,#VALUE!
Apr 2020-Mar 2021,Elementary occups.,Black,5600,24300,23.04526749
Jul 2020-Jun 2021,"Managers, directors & seniors",Black,5700,34000,16.76470588
Jul 2020-Jun 2021,Prof. occups.,Black,2100,34000,6.176470588
Jul 2020-Jun 2021,Associate prof. & tech. occups.,Black,7500,34000,22.05882353
Jul 2020-Jun 2021,Admin. & secretarial occups.,Black,2500,34000,7.352941176
Jul 2020-Jun 2021,Skilled trades occups.,Black,!,34000,#VALUE!
Jul 2020-Jun 2021,"Caring, leisure and other occs.",Black,7000,34000,20.58823529
Jul 2020-Jun 2021,Sales & consumer service occs.,Black,!,34000,#VALUE!
Jul 2020-Jun 2021,"Process, plant & mach. Opers",Black,!,34000,#VALUE!
Jul 2020-Jun 2021,Elementary occups.,Black,6200,34000,18.23529412
Apr 2015-Mar 2016,"Managers, directors & seniors",White,18200,146400,12.43169399
Apr 2015-Mar 2016,Prof. occups.,White,48600,146400,33.19672131
Apr 2015-Mar 2016,Associate prof. & tech. occups.,White,39800,146400,27.18579235
Apr 2015-Mar 2016,Admin. & secretarial occups.,White,13200,146400,9.016393443
Apr 2015-Mar 2016,Skilled trades occups.,White,3300,146400,2.254098361
Apr 2015-Mar 2016,"Caring, leisure and other occs.",White,6200,146400,4.234972678
Apr 2015-Mar 2016,Sales & consumer service occs.,White,6400,146400,4.371584699
Apr 2015-Mar 2016,"Process, plant & mach. Opers",White,2200,146400,1.50273224
Apr 2015-Mar 2016,Elementary occups.,White,8700,146400,5.942622951
Jul 2015-Jun 2016,"Managers, directors & seniors",White,20900,149300,13.99866042
Jul 2015-Jun 2016,Prof. occups.,White,45000,149300,30.1406564
Jul 2015-Jun 2016,Associate prof. & tech. occups.,White,39300,149300,26.32283992
Jul 2015-Jun 2016,Admin. & secretarial occups.,White,11200,149300,7.501674481
Jul 2015-Jun 2016,Skilled trades occups.,White,4200,149300,2.81312793
Jul 2015-Jun 2016,"Caring, leisure and other occs.",White,5300,149300,3.549899531
Jul 2015-Jun 2016,Sales & consumer service occs.,White,10100,149300,6.76490288
Jul 2015-Jun 2016,"Process, plant & mach. Opers",White,2100,149300,1.406563965
Jul 2015-Jun 2016,Elementary occups.,White,11400,149300,7.635632954
Oct 2015-Sep 2016,"Managers, directors & seniors",White,21200,145600,14.56043956
Oct 2015-Sep 2016,Prof. occups.,White,48400,145600,33.24175824
Oct 2015-Sep 2016,Associate prof. & tech. occups.,White,35700,145600,24.51923077
Oct 2015-Sep 2016,Admin. & secretarial occups.,White,9600,145600,6.593406593
Oct 2015-Sep 2016,Skilled trades occups.,White,3200,145600,2.197802198
Oct 2015-Sep 2016,"Caring, leisure and other occs.",White,6600,145600,4.532967033
Oct 2015-Sep 2016,Sales & consumer service occs.,White,7800,145600,5.357142857
Oct 2015-Sep 2016,"Process, plant & mach. Opers",White,2300,145600,1.57967033
Oct 2015-Sep 2016,Elementary occups.,White,10700,145600,7.348901099
Jan 2016-Dec 2016,"Managers, directors & seniors",White,20400,143900,14.17651147
Jan 2016-Dec 2016,Prof. occups.,White,46000,143900,31.9666435
Jan 2016-Dec 2016,Associate prof. & tech. occups.,White,40000,143900,27.79708131
Jan 2016-Dec 2016,Admin. & secretarial occups.,White,7700,143900,5.350938151
Jan 2016-Dec 2016,Skilled trades occups.,White,5200,143900,3.61362057
Jan 2016-Dec 2016,"Caring, leisure and other occs.",White,6100,143900,4.239054899
Jan 2016-Dec 2016,Sales & consumer service occs.,White,6500,143900,4.517025712
Jan 2016-Dec 2016,"Process, plant & mach. Opers",White,3400,143900,2.362751911
Jan 2016-Dec 2016,Elementary occups.,White,8600,143900,5.976372481
Apr 2016-Mar 2017,"Managers, directors & seniors",White,18900,146100,12.93634497
Apr 2016-Mar 2017,Prof. occups.,White,46500,146100,31.8275154
Apr 2016-Mar 2017,Associate prof. & tech. occups.,White,44300,146100,30.32169747
Apr 2016-Mar 2017,Admin. & secretarial occups.,White,11800,146100,8.076659822
Apr 2016-Mar 2017,Skilled trades occups.,White,5000,146100,3.422313484
Apr 2016-Mar 2017,"Caring, leisure and other occs.",White,5100,146100,3.490759754
Apr 2016-Mar 2017,Sales & consumer service occs.,White,5900,146100,4.038329911
Apr 2016-Mar 2017,"Process, plant & mach. Opers",White,2200,146100,1.505817933
Apr 2016-Mar 2017,Elementary occups.,White,6300,146100,4.31211499
Jul 2016-Jun 2017,"Managers, directors & seniors",White,20500,147600,13.88888889
Jul 2016-Jun 2017,Prof. occups.,White,51600,147600,34.95934959
Jul 2016-Jun 2017,Associate prof. & tech. occups.,White,42600,147600,28.86178862
Jul 2016-Jun 2017,Admin. & secretarial occups.,White,14700,147600,9.959349593
Jul 2016-Jun 2017,Skilled trades occups.,White,6300,147600,4.268292683
Jul 2016-Jun 2017,"Caring, leisure and other occs.",White,5800,147600,3.929539295
Jul 2016-Jun 2017,Sales & consumer service occs.,White,!,147600,#VALUE!
Jul 2016-Jun 2017,"Process, plant & mach. Opers",White,!,147600,#VALUE!
Jul 2016-Jun 2017,Elementary occups.,White,2900,147600,1.964769648
Oct 2016-Sep 2017,"Managers, directors & seniors",White,20700,139700,14.817466
Oct 2016-Sep 2017,Prof. occups.,White,45200,139700,32.35504653
Oct 2016-Sep 2017,Associate prof. & tech. occups.,White,38800,139700,27.773801
Oct 2016-Sep 2017,Admin. & secretarial occups.,White,14000,139700,10.02147459
Oct 2016-Sep 2017,Skilled trades occups.,White,7200,139700,5.153901217
Oct 2016-Sep 2017,"Caring, leisure and other occs.",White,4600,139700,3.292770222
Oct 2016-Sep 2017,Sales & consumer service occs.,White,2500,139700,1.789549034
Oct 2016-Sep 2017,"Process, plant & mach. Opers",White,2300,139700,1.646385111
Oct 2016-Sep 2017,Elementary occups.,White,4500,139700,3.221188261
Jan 2017-Dec 2017,"Managers, directors & seniors",White,17900,142800,12.53501401
Jan 2017-Dec 2017,Prof. occups.,White,54500,142800,38.16526611
Jan 2017-Dec 2017,Associate prof. & tech. occups.,White,33100,142800,23.17927171
Jan 2017-Dec 2017,Admin. & secretarial occups.,White,17200,142800,12.04481793
Jan 2017-Dec 2017,Skilled trades occups.,White,6200,142800,4.341736695
Jan 2017-Dec 2017,"Caring, leisure and other occs.",White,4200,142800,2.941176471
Jan 2017-Dec 2017,Sales & consumer service occs.,White,!,142800,#VALUE!
Jan 2017-Dec 2017,"Process, plant & mach. Opers",White,2200,142800,1.540616246
Jan 2017-Dec 2017,Elementary occups.,White,5600,142800,3.921568627
Apr 2017-Mar 2018,"Managers, directors & seniors",White,16700,129900,12.85604311
Apr 2017-Mar 2018,Prof. occups.,White,49500,129900,38.10623557
Apr 2017-Mar 2018,Associate prof. & tech. occups.,White,27900,129900,21.47806005
Apr 2017-Mar 2018,Admin. & secretarial occups.,White,15100,129900,11.6243264
Apr 2017-Mar 2018,Skilled trades occups.,White,7100,129900,5.465742879
Apr 2017-Mar 2018,"Caring, leisure and other occs.",White,5400,129900,4.15704388
Apr 2017-Mar 2018,Sales & consumer service occs.,White,2900,129900,2.232486528
Apr 2017-Mar 2018,"Process, plant & mach. Opers",White,!,129900,#VALUE!
Apr 2017-Mar 2018,Elementary occups.,White,3900,129900,3.002309469
Jul 2017-Jun 2018,"Managers, directors & seniors",White,16600,129000,12.86821705
Jul 2017-Jun 2018,Prof. occups.,White,51700,129000,40.07751938
Jul 2017-Jun 2018,Associate prof. & tech. occups.,White,28000,129000,21.70542636
Jul 2017-Jun 2018,Admin. & secretarial occups.,White,11700,129000,9.069767442
Jul 2017-Jun 2018,Skilled trades occups.,White,5700,129000,4.418604651
Jul 2017-Jun 2018,"Caring, leisure and other occs.",White,5500,129000,4.263565891
Jul 2017-Jun 2018,Sales & consumer service occs.,White,2900,129000,2.248062016
Jul 2017-Jun 2018,"Process, plant & mach. Opers",White,2300,129000,1.782945736
Jul 2017-Jun 2018,Elementary occups.,White,4600,129000,3.565891473
Oct 2017-Sep 2018,"Managers, directors & seniors",White,14900,127000,11.73228346
Oct 2017-Sep 2018,Prof. occups.,White,52400,127000,41.25984252
Oct 2017-Sep 2018,Associate prof. & tech. occups.,White,24000,127000,18.8976378
Oct 2017-Sep 2018,Admin. & secretarial occups.,White,13100,127000,10.31496063
Oct 2017-Sep 2018,Skilled trades occups.,White,7300,127000,5.748031496
Oct 2017-Sep 2018,"Caring, leisure and other occs.",White,6400,127000,5.039370079
Oct 2017-Sep 2018,Sales & consumer service occs.,White,1800,127000,1.417322835
Oct 2017-Sep 2018,"Process, plant & mach. Opers",White,2800,127000,2.204724409
Oct 2017-Sep 2018,Elementary occups.,White,4300,127000,3.385826772
Jan 2018-Dec 2018,"Managers, directors & seniors",White,18500,121000,15.2892562
Jan 2018-Dec 2018,Prof. occups.,White,45900,121000,37.9338843
Jan 2018-Dec 2018,Associate prof. & tech. occups.,White,23200,121000,19.17355372
Jan 2018-Dec 2018,Admin. & secretarial occups.,White,9000,121000,7.438016529
Jan 2018-Dec 2018,Skilled trades occups.,White,7200,121000,5.950413223
Jan 2018-Dec 2018,"Caring, leisure and other occs.",White,7700,121000,6.363636364
Jan 2018-Dec 2018,Sales & consumer service occs.,White,2200,121000,1.818181818
Jan 2018-Dec 2018,"Process, plant & mach. Opers",White,3100,121000,2.561983471
Jan 2018-Dec 2018,Elementary occups.,White,4300,121000,3.553719008
Apr 2018-Mar 2019,"Managers, directors & seniors",White,20200,125200,16.1341853
Apr 2018-Mar 2019,Prof. occups.,White,51900,125200,41.45367412
Apr 2018-Mar 2019,Associate prof. & tech. occups.,White,23800,125200,19.00958466
Apr 2018-Mar 2019,Admin. & secretarial occups.,White,7300,125200,5.830670927
Apr 2018-Mar 2019,Skilled trades occups.,White,4900,125200,3.913738019
Apr 2018-Mar 2019,"Caring, leisure and other occs.",White,7100,125200,5.670926518
Apr 2018-Mar 2019,Sales & consumer service occs.,White,1500,125200,1.198083067
Apr 2018-Mar 2019,"Process, plant & mach. Opers",White,3700,125200,2.955271565
Apr 2018-Mar 2019,Elementary occups.,White,4800,125200,3.833865815
Jul 2018-Jun 2019,"Managers, directors & seniors",White,18500,121600,15.21381579
Jul 2018-Jun 2019,Prof. occups.,White,47400,121600,38.98026316
Jul 2018-Jun 2019,Associate prof. & tech. occups.,White,29400,121600,24.17763158
Jul 2018-Jun 2019,Admin. & secretarial occups.,White,7200,121600,5.921052632
Jul 2018-Jun 2019,Skilled trades occups.,White,5100,121600,4.194078947
Jul 2018-Jun 2019,"Caring, leisure and other occs.",White,5200,121600,4.276315789
Jul 2018-Jun 2019,Sales & consumer service occs.,White,!,121600,#VALUE!
Jul 2018-Jun 2019,"Process, plant & mach. Opers",White,2700,121600,2.220394737
Jul 2018-Jun 2019,Elementary occups.,White,4800,121600,3.947368421
Oct 2018-Sep 2019,"Managers, directors & seniors",White,17000,125000,13.6
Oct 2018-Sep 2019,Prof. occups.,White,44800,125000,35.84
Oct 2018-Sep 2019,Associate prof. & tech. occups.,White,39600,125000,31.68
Oct 2018-Sep 2019,Admin. & secretarial occups.,White,5700,125000,4.56
Oct 2018-Sep 2019,Skilled trades occups.,White,4200,125000,3.36
Oct 2018-Sep 2019,"Caring, leisure and other occs.",White,5700,125000,4.56
Oct 2018-Sep 2019,Sales & consumer service occs.,White,2200,125000,1.76
Oct 2018-Sep 2019,"Process, plant & mach. Opers",White,1500,125000,1.2
Oct 2018-Sep 2019,Elementary occups.,White,4300,125000,3.44
Jan 2019-Dec 2019,"Managers, directors & seniors",White,17000,126100,13.481364
Jan 2019-Dec 2019,Prof. occups.,White,46900,126100,37.1927042
Jan 2019-Dec 2019,Associate prof. & tech. occups.,White,40000,126100,31.72085646
Jan 2019-Dec 2019,Admin. & secretarial occups.,White,5600,126100,4.440919905
Jan 2019-Dec 2019,Skilled trades occups.,White,3700,126100,2.934179223
Jan 2019-Dec 2019,"Caring, leisure and other occs.",White,4900,126100,3.885804917
Jan 2019-Dec 2019,Sales & consumer service occs.,White,2200,126100,1.744647105
Jan 2019-Dec 2019,"Process, plant & mach. Opers",White,1900,126100,1.506740682
Jan 2019-Dec 2019,Elementary occups.,White,4100,126100,3.251387787
Apr 2019-Mar 2020,"Managers, directors & seniors",White,14400,126300,11.40142518
Apr 2019-Mar 2020,Prof. occups.,White,47300,126300,37.45051465
Apr 2019-Mar 2020,Associate prof. & tech. occups.,White,41900,126300,33.17498021
Apr 2019-Mar 2020,Admin. & secretarial occups.,White,4800,126300,3.800475059
Apr 2019-Mar 2020,Skilled trades occups.,White,5900,126300,4.67141726
Apr 2019-Mar 2020,"Caring, leisure and other occs.",White,5200,126300,4.117181314
Apr 2019-Mar 2020,Sales & consumer service occs.,White,1800,126300,1.425178147
Apr 2019-Mar 2020,"Process, plant & mach. Opers",White,1900,126300,1.504354711
Apr 2019-Mar 2020,Elementary occups.,White,3200,126300,2.53365004
Jul 2019-Jun 2020,"Managers, directors & seniors",White,14600,132900,10.98570354
Jul 2019-Jun 2020,Prof. occups.,White,50800,132900,38.22422874
Jul 2019-Jun 2020,Associate prof. & tech. occups.,White,42200,132900,31.75319789
Jul 2019-Jun 2020,Admin. & secretarial occups.,White,5900,132900,4.439428141
Jul 2019-Jun 2020,Skilled trades occups.,White,5600,132900,4.213694507
Jul 2019-Jun 2020,"Caring, leisure and other occs.",White,6900,132900,5.191873589
Jul 2019-Jun 2020,Sales & consumer service occs.,White,2700,132900,2.031602709
Jul 2019-Jun 2020,"Process, plant & mach. Opers",White,2300,132900,1.73062453
Jul 2019-Jun 2020,Elementary occups.,White,2000,132900,1.504890895
Oct 2019-Sep 2020,"Managers, directors & seniors",White,18000,134400,13.39285714
Oct 2019-Sep 2020,Prof. occups.,White,52900,134400,39.36011905
Oct 2019-Sep 2020,Associate prof. & tech. occups.,White,39300,134400,29.24107143
Oct 2019-Sep 2020,Admin. & secretarial occups.,White,7800,134400,5.803571429
Oct 2019-Sep 2020,Skilled trades occups.,White,4500,134400,3.348214286
Oct 2019-Sep 2020,"Caring, leisure and other occs.",White,5400,134400,4.017857143
Oct 2019-Sep 2020,Sales & consumer service occs.,White,!,134400,#VALUE!
Oct 2019-Sep 2020,"Process, plant & mach. Opers",White,3200,134400,2.380952381
Oct 2019-Sep 2020,Elementary occups.,White,!,134400,#VALUE!
Jan 2020-Dec 2020,"Managers, directors & seniors",White,15300,135700,11.27487104
Jan 2020-Dec 2020,Prof. occups.,White,56000,135700,41.26750184
Jan 2020-Dec 2020,Associate prof. & tech. occups.,White,41600,135700,30.65585851
Jan 2020-Dec 2020,Admin. & secretarial occups.,White,8300,135700,6.116433309
Jan 2020-Dec 2020,Skilled trades occups.,White,3800,135700,2.800294768
Jan 2020-Dec 2020,"Caring, leisure and other occs.",White,4300,135700,3.168754606
Jan 2020-Dec 2020,Sales & consumer service occs.,White,3600,135700,2.652910833
Jan 2020-Dec 2020,"Process, plant & mach. Opers",White,1700,135700,1.252763449
Jan 2020-Dec 2020,Elementary occups.,White,!,135700,#VALUE!
Apr 2020-Mar 2021,"Managers, directors & seniors",White,18000,136500,13.18681319
Apr 2020-Mar 2021,Prof. occups.,White,57000,136500,41.75824176
Apr 2020-Mar 2021,Associate prof. & tech. occups.,White,39200,136500,28.71794872
Apr 2020-Mar 2021,Admin. & secretarial occups.,White,8000,136500,5.860805861
Apr 2020-Mar 2021,Skilled trades occups.,White,5000,136500,3.663003663
Apr 2020-Mar 2021,"Caring, leisure and other occs.",White,2600,136500,1.904761905
Apr 2020-Mar 2021,Sales & consumer service occs.,White,3100,136500,2.271062271
Apr 2020-Mar 2021,"Process, plant & mach. Opers",White,1900,136500,1.391941392
Apr 2020-Mar 2021,Elementary occups.,White,1600,136500,1.172161172
Jul 2020-Jun 2021,"Managers, directors & seniors",White,19900,132800,14.98493976
Jul 2020-Jun 2021,Prof. occups.,White,55500,132800,41.79216867
Jul 2020-Jun 2021,Associate prof. & tech. occups.,White,37200,132800,28.01204819
Jul 2020-Jun 2021,Admin. & secretarial occups.,White,6900,132800,5.195783133
Jul 2020-Jun 2021,Skilled trades occups.,White,3500,132800,2.635542169
Jul 2020-Jun 2021,"Caring, leisure and other occs.",White,2600,132800,1.957831325
Jul 2020-Jun 2021,Sales & consumer service occs.,White,2300,132800,1.731927711
Jul 2020-Jun 2021,"Process, plant & mach. Opers",White,2000,132800,1.506024096
Jul 2020-Jun 2021,Elementary occups.,White,2800,132800,2.108433735
